Subreddit,Word1,Dependency,Word2,MHlabels
BPD,said,nsubj,swore,{}
BPD,ended,nsubj,marriage,{}
BPD,saw,nsubj,periods,{}
BPD,quotes,nsubj,https,"{'NEURO-DEVELOPMENTAL DISORDERS': ['autism'], 'BIPOLAR DISORDERS': ['bipolar disorder'], 'TRAUMA AND STRESS RELATED DISORDERS': ['anorexia'], 'DEPRESSIVE DISORDERS': ['depression'], 'SYMPTOMS': ['anxiety']}"
BPD,period,nsubj,people,{}
BPD,telling,dobj,want,{}
BPD,feel,nsubj,says,"{'SLEEP-WAKE DISORDERS': ['insomnia'], 'SYMPTOMS': ['headache', 'suicidal thoughts'], 'DEPRESSIVE DISORDERS': ['depression']}"
BPD,think,nsubj,lot,{}
BPD,makes,nsubj,life,{}
BPD,stealing,dobj,parents,{'SYMPTOMS': ['anxiety']}
BPD,feel,nsubj,diagnosis,{}
BPD,wish,nsubj,cheers,{'SYMPTOMS': ['anxiety']}
BPD,wake,nsubj,millisecond,{'SYMPTOMS': ['delusions']}
BPD,think,nsubj,person,"{'SYMPTOMS': ['anxiety'], 'ANXIETY DISORDERS': ['anxiety']}"
BPD,point,nsubj,think,"{'SYMPTOMS': ['delusions', 'psychosis']}"
BPD,felt,nsubj,appointment,{}
BPD,changed,dobj,connection,{}
BPD,point,nsubj,relationships,"{'TRAUMA AND STRESS RELATED DISORDERS': ['trauma'], 'SYMPTOMS': ['anxiety']}"
BPD,want,nsubj,trauma,{'TRAUMA AND STRESS RELATED DISORDERS': ['trauma']}
BPD,let,dobj,rage,{}
BPD,thoughts,dobj,harm,{}
BPD,guess,nsubj,thing,{}
BPD,result,nsubj,reason,"{'SYMPTOMS': ['anger'], 'TRAUMA AND STRESS RELATED DISORDERS': ['trauma']}"
BPD,stop,dobj,re,"{'SYMPTOMS': ['anger'], 'TRAUMA AND STRESS RELATED DISORDERS': ['trauma']}"
BPD,listen,nsubj,shut,{}
BPD,met,dobj,girl,{'PSYCHEDELIC DRUGS': ['met']}
BPD,let,nsubj,life,{'SYMPTOMS': ['anger']}
BPD,use,nsubj,tools,{'TRAUMA AND STRESS RELATED DISORDERS': ['trauma']}
BPD,attached,dobj,happen,{}
BPD,fear,nsubj,insecurities,{'SYMPTOMS': ['anxiety']}
BPD,fucked,nsubj,ignorimng,{}
BPD,tell,dobj,talk,{}
BPD,look,nsubj,bpd,{}
BPD,learn,nsubj,girlfriend,{}
BPD,apologize,dobj,hear,"{'SYMPTOMS': ['psychotic break', 'psychosis'], 'ANXIETY DISORDERS': ['psychosis']}"
BPD,run,nsubj,known,{'NEURO-DEVELOPMENTAL DISORDERS': ['autism']}
BPD,wanted,nsubj,person,{'PSYCHEDELIC DRUGS': ['met']}
BPD,realized,nsubj,dbt,{}
BPD,diagnosed,dobj,therapist,"{'SYMPTOMS': ['paranoia', 'brief thoughts']}"
BPD,pushed,nsubj,left,{}
BPD,like,nsubj,freak,{}
BPD,happening,dobj,tolerate,{'DEPRESSIVE DISORDERS': ['depression']}
BPD,try,dobj,pattern,{'SYMPTOMS': ['anger']}
BPD,feel,nsubj,right,{'SYMPTOMS': ['anxiety']}
BPD,follows,dobj,brain,{}
BPD,insisting,nsubj,updated,{'BIPOLAR DISORDERS': ['bipolar']}
BPD,replaced,dobj,people,{}
BPD,believes,nsubj,husband,{'SYMPTOMS': ['anger']}
BPD,joined,nsubj,matter,{'NEURO-DEVELOPMENTAL DISORDERS': ['autism']}
BPD,feel,nsubj,words,{}
BPD,cover,dobj,daughter,{}
BPD,diagnosed,dobj,signs,{}
BPD,want,dobj,supervisor,"{'ANXIETY DISORDERS': ['paranoia'], 'SYMPTOMS': ['paranoia']}"
BPD,tell,dobj,regrets,{}
BPD,want,nsubj,actions,{'ANXIETY DISORDERS': ['anxiety']}
BPD,feelings,nsubj,thoughts,"{'ANXIETY DISORDERS': ['anxiety'], 'DEPRESSIVE DISORDERS': ['depression']}"
BPD,goes,nsubj,days,{'SYMPTOMS': ['anxiety']}
BPD,involve,dobj,activities,{}
BPD,thought,dobj,person,{'PSYCHEDELIC DRUGS': ['met']}
BPD,think,nsubj,therapist,{}
BPD,choose,nsubj,ass,{'SYMPTOMS': ['damaged']}
BPD,takes,nsubj,group,{}
BPD,talking,dobj,interject,{}
BPD,disjointed,nsubj,iceberg,{}
BPD,going,dobj,mode,"{'SYMPTOMS': ['addiction'], 'NEURO-DEVELOPMENTAL DISORDERS': ['autism'], 'DEPRESSIVE DISORDERS': ['depression']}"
BPD,left,nsubj,delusions,"{'SYMPTOMS': ['delusions', 'psychosis']}"
BPD,breaking,dobj,promises,{}
BPD,encouragement,nsubj,words,{}
BPD,taking,dobj,judgement,"{'BIPOLAR DISORDERS': ['bipolar disorder'], 'DEPRESSIVE DISORDERS': ['depression'], 'SYMPTOMS': ['cognitive impairments']}"
BPD,took,dobj,point,{}
BPD,exploded,dobj,control,{'SYMPTOMS': ['anger']}
BPD,having,dobj,life,{}
BPD,growing,dobj,wish,{}
BPD,finding,dobj,things,{}
BPD,abused,nsubj,things,{'DEPRESSIVE DISORDERS': ['depression']}
BPD,feel,nsubj,left,{}
BPD,exceed,dobj,use,{}
BPD,gave,nsubj,van,"{'PSYCHEDELIC DRUGS': ['met'], 'SYMPTOMS': ['addiction']}"
BPD,problems,dobj,flaws,"{'SYMPTOMS': ['addiction'], 'NEURO-DEVELOPMENTAL DISORDERS': ['autism'], 'DEPRESSIVE DISORDERS': ['depression']}"
BPD,needs,nsubj,space,{}
BPD,told,dobj,awful,"{'NEURO-DEVELOPMENTAL DISORDERS': ['adhd'], 'TRAUMA AND STRESS RELATED DISORDERS': ['ptsd'], 'SYMPTOMS': ['paranoia']}"
BPD,shoved,nsubj,harm,{}
BPD,apologized,dobj,punishes,{}
BPD,incapacitating,dobj,comes,{}
BPD,said,nsubj,talk,{}
BPD,feel,nsubj,welcome,"{'ANXIETY DISORDERS': ['anxiety'], 'DEPRESSIVE DISORDERS': ['depression']}"
BPD,makes,nsubj,overreactions,{}
BPD,think,nsubj,story,{'NEURO-DEVELOPMENTAL DISORDERS': ['autism']}
BPD,know,nsubj,happiness,{}
BPD,asked,dobj,test,{'SYMPTOMS': ['psychosis']}
BPD,having,dobj,episode,{}
BPD,know,nsubj,know,{}
BPD,hobbies,nsubj,activities,{}
BPD,said,nsubj,attacks,"{'ANXIETY DISORDERS': ['anxiety'], 'SYMPTOMS': ['panic attacks'], 'NEURO-COGNITIVE DISORDERS': ['hand']}"
BPD,choosing,dobj,boy,{}
BPD,alive,nsubj,feelings,{}
BPD,treating,dobj,feel,{'PSYCHEDELIC DRUGS': ['met']}
BPD,agreed,nsubj,smth,{'TRAUMA AND STRESS RELATED DISORDERS': ['trauma']}
BPD,talk,nsubj,excuses,{}
BPD,weed,dobj,things,{'SYMPTOMS': ['anxiety']}
